role,suite,n,requested_runs,completed_runs,process_timeouts,errors,exact_runs,best_lower_bound,best_upper_bound,median_gap,median_process_seconds,median_elapsed_seconds,median_model_build_seconds,median_solve_seconds,median_nodes
ablation,cpsat-baseline-no-hints,16,3,3,0,0,3,21,21,0,9.652341299999534,9.457710399998177,0.3144713000001502,8.712000600000465,753548
ablation,cpsat-baseline-no-hints,17,3,3,0,0,0,21,23,2,10.297271600000386,10.108548500000325,0.3909115999995265,9.310618900002737,2196
ablation,cpsat-baseline-no-hints,18,3,3,0,0,0,22,24,2,12.08991690000039,11.895856800001638,0.5113419999979669,11.011015199999747,2084
ablation,cpsat-baseline-no-hints,19,3,3,0,0,0,25,26,1,11.521596899998258,11.315213800000492,0.7889138999998977,10.059293900001649,1968
ablation,cpsat-eleven-eighths-hints,16,3,3,0,0,3,21,21,0,8.205117500001506,8.02506859999994,0.41085930000190274,7.198878899998817,2388
ablation,cpsat-eleven-eighths-hints,17,3,3,0,0,3,23,23,0,10.92473930000051,10.728866500001459,0.5510594999977911,9.764391200002137,2196
ablation,cpsat-eleven-eighths-hints,18,3,3,0,0,0,23,24,1,11.107123699999647,10.917763800000102,0.7348057999988669,9.779379800002062,0
ablation,cpsat-eleven-eighths-hints,19,3,3,0,0,0,23,26,3,12.659742800002277,12.450522600000113,0.976245599998947,11.02534889999879,1968
ablation,cpsat-eleven-eighths-no-hints,16,3,3,0,0,3,21,21,0,9.410063700001047,9.220816699998977,0.2951533000014024,8.513374800000747,748967
ablation,cpsat-eleven-eighths-no-hints,17,3,3,0,0,3,23,23,0,10.192857399999411,10.016300200000842,0.3895486000001256,9.25492160000067,2196
ablation,cpsat-eleven-eighths-no-hints,18,3,3,0,0,0,23,24,1,11.871063399999912,11.678003099999842,0.5239280999994662,10.813707799999975,2084
ablation,cpsat-eleven-eighths-no-hints,19,3,3,0,0,0,23,26,3,11.227374499998405,11.034864799999923,0.6837407000002713,9.939212400000542,1968
ablation,skyline-unbounded,4,3,3,0,0,3,5,5,0,0.4226689000006445,0.28472790000159875,,,161863
ablation,skyline-unbounded,5,3,3,0,0,3,6,6,0,10.136961799998971,10.000025299999834,,,5258586
ablation,skyline-unbounded,6,3,3,0,0,0,6,7,1,10.137786800001777,10.000028000002203,,,5142685
construction,cpsat-best-known-hard,24,3,3,0,0,0,32,33,1,34.24930259999928,33.935550799998964,3.346053400000528,30.064587900000333,903457
construction,cpsat-best-known-hard,27,3,3,0,0,0,35,37,2,36.9707645999988,36.62161539999943,6.0596738000003825,29.83614740000121,0
construction,cpsat-best-known-hard,30,3,3,0,0,0,39,41,2,42.62110780000148,42.193787399999565,10.808401499998581,30.998510100002022,0
construction,cpsat-best-known-hard,33,3,3,0,0,3,45,45,0,52.75580279999849,52.14643029999934,18.218676700002106,33.520929199999955,0
construction,strips-four-hard,24,3,3,0,0,0,31,33,2,30.200904700001047,30.016369199998735,0.022106000000349013,29.49228619999849,1036019
construction,strips-four-hard,27,3,3,0,0,0,35,37,2,30.192856399997254,30.00728639999943,0.03484540000135894,29.57406859999901,1269177
construction,strips-four-hard,30,3,3,0,0,0,40,41,1,30.178199099998892,30.007449599999745,0.040454900001350325,29.575972199998432,1519601
construction,strips-four-hard,33,3,3,0,0,0,44,45,1,30.186947599999257,30.008775199999945,0.04763729999831412,29.564110700001038,1310696
construction,strips-four-hard,36,3,3,0,0,0,47,49,2,30.204892500001733,30.010242699998344,0.060863099999551196,29.526427099997818,1228326
construction,strips-four-hard,40,3,3,0,0,0,53,55,2,30.195730899999035,30.012563299998874,0.08317259999967064,29.470983900000647,1267265
exact,cpsat-baseline-hints,4,3,3,0,0,3,5,5,0,0.5693084999984421,0.40024669999911566,0.0020922000003338326,0.009161199999653036,181
exact,cpsat-baseline-hints,5,3,3,0,0,3,6,6,0,0.5942252000004373,0.42450409999946714,0.003956199998356169,0.014759199999389239,421
exact,cpsat-baseline-hints,6,3,3,0,0,3,7,7,0,0.6349948999995831,0.4484231999995245,0.008197700000891928,0.03871640000215848,6000
exact,cpsat-baseline-hints,9,3,3,0,0,3,12,12,0,0.9887151000002632,0.8083684999983234,0.04305010000098264,0.3676756999993813,35211
exact,cpsat-baseline-hints,10,3,3,0,0,3,13,13,0,1.61086780000187,1.421172899999874,0.07191669999883743,0.9183359000016935,84504
exact,cpsat-baseline-hints,11,3,3,0,0,3,14,14,0,2.194321900000432,1.987811299999521,0.10072539999964647,1.4169118000008893,107227
exact,cpsat-baseline-hints,12,3,3,0,0,3,16,16,0,3.66390649999812,3.4748927999971784,0.12441490000128397,2.9426544000016293,290431
exact,cpsat-baseline-hints,14,3,3,0,0,3,19,19,0,6.318715600002179,6.141615600001387,0.23537020000003395,5.520493600000918,389633
exact,cpsat-baseline-hints,15,3,3,0,0,3,20,20,0,7.740747200001351,7.557960999998613,0.3073643000025186,6.8597395999968285,519688
exact,cpsat-baseline-hints,16,3,3,0,0,3,21,21,0,10.069262300003174,9.89363250000315,0.4171783999991021,9.074082700000872,740389
exact,cpsat-baseline-hints,17,3,3,0,0,0,21,23,2,10.993671100000938,10.80699050000112,0.5451345999972546,9.839067000000796,2196
exact,cpsat-baseline-hints,18,3,3,0,0,0,22,24,2,11.011341199999151,10.814477699997951,0.7220324999980221,9.715356799999427,0
exact,cpsat-baseline-hints,19,3,3,0,0,0,25,26,1,12.565562100000534,12.372637599997688,0.9649114999992889,10.970511999999871,1968
exact,cpsat-baseline-hints,20,3,3,0,0,0,26,27,1,11.961051199999929,11.747628000000987,1.231093400001555,10.127645999997185,0
exact,skyline-bounded,4,3,3,0,0,3,5,5,0,0.1387140000006184,9.969999882741831e-05,,,33
exact,skyline-bounded,5,3,3,0,0,3,6,6,0,0.14114929999959713,0.0003933000007236842,,,113
exact,skyline-bounded,6,3,3,0,0,3,7,7,0,0.1335837000005995,0.0006088000009185635,,,273
exact,skyline-bounded,9,3,3,0,0,3,12,12,0,0.24226590000034776,0.10563790000014706,,,52430
exact,skyline-bounded,10,3,3,0,0,3,13,13,0,1.2057535999992979,1.0587107999999716,,,547825
exact,skyline-bounded,11,3,3,0,0,3,14,14,0,2.3605664000024262,2.220684200001415,,,1048527
exact,skyline-bounded,12,3,3,0,0,0,15,16,1,10.13443720000214,10.00004970000009,,,4794406
exact,skyline-bounded,14,3,3,0,0,0,18,19,1,10.131075499997678,10.000036699999328,,,4612328
exact,skyline-bounded,15,3,3,0,0,0,19,20,1,10.12760839999828,10.000049900001613,,,4514702
exact,skyline-bounded,16,3,3,0,0,0,20,21,1,10.130173300000024,10.000057799999922,,,4480387
exact,skyline-bounded,17,3,3,0,0,0,21,23,2,10.128915400000551,10.000070899997809,,,4295892
exact,skyline-bounded,18,3,3,0,0,0,22,24,2,10.134060799999133,10.00007629999891,,,4161992
exact,skyline-bounded,19,3,3,0,0,0,25,26,1,10.134302400001616,10.000065899999754,,,4066023
exact,skyline-bounded,20,3,3,0,0,0,26,27,1,10.13573009999891,10.00007419999929,,,4030592
