role,suite,n,requested_runs,completed_runs,process_timeouts,errors,exact_runs,initial_certified_runs,median_lower_bound,median_upper_bound,best_lower_bound,best_upper_bound,median_gap,median_process_seconds,median_elapsed_seconds,median_model_build_seconds,median_solve_seconds,median_nodes
ablation,cpsat-baseline-no-hints,16,3,3,0,0,3,0,21,21,21,21,0,10.013881099999708,9.814595100000588,0.29691579999780515,9.09806259999823,753548
ablation,cpsat-baseline-no-hints,17,3,3,0,0,0,0,21,23,21,23,2,11.185623900000792,10.974564699998155,0.4268037000001641,9.911582299999282,2196
ablation,cpsat-baseline-no-hints,18,3,3,0,0,0,0,22,24,22,24,2,11.975095199999487,11.793877799998882,0.5376376999993226,10.887971399999515,0
ablation,cpsat-baseline-no-hints,19,3,3,0,0,0,0,25,26,25,26,1,11.709186100000807,11.350078499999654,0.7612209999970219,10.146876699996938,1968
ablation,cpsat-eleven-eighths-hints,16,3,3,0,0,3,3,21,21,21,21,0,0.1339940999969258,0.00013830000170855783,0.0,0.0,0
ablation,cpsat-eleven-eighths-hints,17,3,3,0,0,3,3,23,23,23,23,0,0.1419330999997328,0.00012200000128359534,0.0,0.0,0
ablation,cpsat-eleven-eighths-hints,18,3,3,0,0,0,0,23,24,23,24,1,11.462251500001003,11.24468859999979,0.7320778999965114,9.995690600000671,0
ablation,cpsat-eleven-eighths-hints,19,3,3,0,0,0,0,23,26,23,26,3,11.477888299999904,11.220581699999457,1.0175149999995483,9.647097799999756,0
ablation,cpsat-eleven-eighths-no-hints,16,3,3,0,0,3,3,21,21,21,21,0,0.13733739999952377,0.00014419999934034422,0.0,0.0,0
ablation,cpsat-eleven-eighths-no-hints,17,3,3,0,0,3,3,23,23,23,23,0,0.1422108999977354,0.00014039999950909987,0.0,0.0,0
ablation,cpsat-eleven-eighths-no-hints,18,3,3,0,0,0,0,23,24,23,24,1,11.39787250000154,11.193823199999315,0.5194951999983459,10.087106899998616,0
ablation,cpsat-eleven-eighths-no-hints,19,3,3,0,0,0,0,23,26,23,26,3,11.701349599999958,11.290503100000933,0.7565809000006993,10.07587710000007,1968
ablation,skyline-unbounded,4,3,3,0,0,3,0,5,5,5,5,0,0.44127210000078776,0.3055752999971446,,,161863
ablation,skyline-unbounded,5,3,3,0,0,3,0,6,6,6,6,0,10.176433000000543,10.000019600000087,,,4672638
ablation,skyline-unbounded,6,3,3,0,0,0,0,6,7,6,7,1,10.157168099998671,10.000035500001104,,,4181802
construction,cpsat-best-known-hard,24,3,3,0,0,0,0,31,33,32,33,2,33.868452999999135,33.61676699999953,3.5173906999989413,30.06795090000014,1374
construction,cpsat-best-known-hard,27,3,3,0,0,0,0,35,37,35,37,2,37.96049029999995,37.597806599998876,6.290466800001013,31.02400800000032,0
construction,cpsat-best-known-hard,30,3,3,0,0,0,0,39,41,39,41,2,44.45712640000056,44.02635019999798,10.99759080000149,32.08477180000045,0
construction,cpsat-best-known-hard,33,3,3,0,0,3,3,45,45,45,45,0,0.13618299999870942,0.0009136000007856637,0.0,0.0,0
construction,strips-four-hard,24,3,3,0,0,0,0,31,33,31,33,2,30.33893689999968,30.04956989999846,0.020340099999884842,29.56051369999841,997330
construction,strips-four-hard,27,3,3,0,0,0,0,35,37,35,37,2,30.209918200001994,30.00680039999861,0.03201469999839901,29.492324599999847,1151404
construction,strips-four-hard,30,3,3,0,0,0,0,39,41,39,41,2,30.200909800001682,30.0092396,0.041078999998717336,29.512401200001477,1401362
construction,strips-four-hard,33,3,3,0,0,0,0,44,45,44,45,1,30.182236399999965,30.01000639999984,0.04890010000235634,29.565287699999317,1308638
construction,strips-four-hard,36,3,3,0,0,0,0,47,49,47,49,2,30.221214700002747,30.01151899999968,0.06468210000093677,29.483514999999898,1219871
construction,strips-four-hard,40,3,3,0,0,0,0,53,55,53,55,2,30.792150699999183,30.014804000002187,0.08779359999971348,29.460795799997868,1293088
exact,cpsat-baseline-hints,4,3,3,0,0,3,0,5,5,5,5,0,0.6021648000023561,0.4316350000008242,0.002320499999768799,0.010934099998848978,181
exact,cpsat-baseline-hints,5,3,3,0,0,3,0,6,6,6,6,0,0.8558238000005076,0.6287859000003664,0.004574800001137191,0.015308499998354819,421
exact,cpsat-baseline-hints,6,3,3,0,0,3,0,7,7,7,7,0,0.6414100000001781,0.4736649000005855,0.008330500000738539,0.04010619999826304,6000
exact,cpsat-baseline-hints,9,3,3,0,0,3,0,12,12,12,12,0,1.0636336999996274,0.8575624000004609,0.04360599999927217,0.3890401999997266,35211
exact,cpsat-baseline-hints,10,3,3,0,0,3,0,13,13,13,13,0,1.6721370999985083,1.473237700000027,0.0705878999979177,0.9408788000000641,84504
exact,cpsat-baseline-hints,11,3,3,0,0,3,0,14,14,14,14,0,2.342165499998373,2.118537700000161,0.09388920000128564,1.4541225000029954,107227
exact,cpsat-baseline-hints,12,3,3,0,0,3,0,16,16,16,16,0,4.087289700000838,3.8765910000001895,0.14176840000072843,3.196823999998742,290431
exact,cpsat-baseline-hints,14,3,3,0,0,3,0,19,19,19,19,0,6.711723099997471,6.485939199999848,0.23863169999822276,5.816807200000767,389633
exact,cpsat-baseline-hints,15,3,3,0,0,3,0,20,20,20,20,0,7.887749599998642,7.719055599998683,0.31812440000067,7.018612399999256,519688
exact,cpsat-baseline-hints,16,3,3,0,0,1,0,20,21,21,21,1,10.561968899997737,10.371147100002418,0.4238972000021022,9.496919400000479,8750
exact,cpsat-baseline-hints,17,3,3,0,0,0,0,21,23,21,23,2,11.836490900001081,11.644749600000068,0.659949000000779,10.655344900002092,2196
exact,cpsat-baseline-hints,18,3,3,0,0,0,0,22,24,22,24,2,12.02260600000227,11.770359499998449,0.7691820000000007,10.09729420000076,0
exact,cpsat-baseline-hints,19,3,3,0,0,0,0,25,26,25,26,1,11.328560900001321,11.106017400001292,1.1241287999982887,9.411660000001575,0
exact,cpsat-baseline-hints,20,3,3,0,0,0,0,26,27,26,27,1,12.052804800001468,11.838201099999424,1.245757800003048,10.149659599999723,0
exact,skyline-bounded,4,3,3,0,0,3,0,5,5,5,5,0,0.13229090000095312,0.00012689999857684597,,,33
exact,skyline-bounded,5,3,3,0,0,3,0,6,6,6,6,0,0.17125390000001062,0.0003117000014754012,,,113
exact,skyline-bounded,6,3,3,0,0,3,0,7,7,7,7,0,0.15012629999910132,0.0006339999999909196,,,273
exact,skyline-bounded,9,3,3,0,0,3,0,12,12,12,12,0,0.24525480000011157,0.1053314999990107,,,52430
exact,skyline-bounded,10,3,3,0,0,3,0,13,13,13,13,0,1.208251800002472,1.072070199999871,,,547825
exact,skyline-bounded,11,3,3,0,0,3,0,14,14,14,14,0,2.5508076999976765,2.3539955999985978,,,1048527
exact,skyline-bounded,12,3,3,0,0,0,0,15,16,15,16,1,10.137202000001707,10.000053499999922,,,4555908
exact,skyline-bounded,14,3,3,0,0,0,0,18,19,18,19,1,10.149480200001562,10.000069800000347,,,4370866
exact,skyline-bounded,15,3,3,0,0,0,0,19,20,19,20,1,10.153569099999004,10.000050399998145,,,4353481
exact,skyline-bounded,16,3,3,0,0,0,0,20,21,20,21,1,10.163553700000193,10.000089500001195,,,4229975
exact,skyline-bounded,17,3,3,0,0,0,0,21,23,21,23,2,10.13283600000068,10.000115200000437,,,3670653
exact,skyline-bounded,18,3,3,0,0,0,0,22,24,22,24,2,10.130510699997103,10.000083099999756,,,3948077
exact,skyline-bounded,19,3,3,0,0,0,0,25,26,25,26,1,10.176276899997902,10.00010409999959,,,3524659
exact,skyline-bounded,20,3,3,0,0,0,0,26,27,26,27,1,10.130775300000096,10.00007419999747,,,3780052
